{
  "input_shapes": [[4]],
  "input_data": [
    [
      0.2928673028945923, 0.6324141025543213, 0.7495436072349548,
      0.8417913913726807
    ]
  ],
  "output_data": [
    [2],
    [0.2414240688085556, 0.3454461395740509, 0.4131298065185547]
  ]
}
