{"inputs":[["9a05000000000000000000000000000000000000000000000000000000000000","3602000000000000000000000000000000000000000000000000000000000000","2d00000000000000000000000000000000000000000000000000000000000000","e806000000000000000000000000000000000000000000000000000000000000"]],"pretty_elements":{"rescaled_inputs":[["0.7001953125","0.2763671875","0.02197265625","0.86328125"]],"inputs":[["0x000000000000000000000000000000000000000000000000000000000000059a","0x0000000000000000000000000000000000000000000000000000000000000236","0x000000000000000000000000000000000000000000000000000000000000002d","0x00000000000000000000000000000000000000000000000000000000000006e8"]],"processed_inputs":[],"processed_params":[],"processed_outputs":[],"rescaled_outputs":[["1"],["0.3310546875","0.3388671875","0.330078125"]],"outputs":[["0x0000000000000000000000000000000000000000000000000000000000000001"],["0x00000000000000000000000000000000000000000000000000000000000002a6","0x00000000000000000000000000000000000000000000000000000000000002b6","0x00000000000000000000000000000000000000000000000000000000000002a4"]]},"outputs":[["0100000000000000000000000000000000000000000000000000000000000000"],["a602000000000000000000000000000000000000000000000000000000000000","b602000000000000000000000000000000000000000000000000000000000000","a402000000000000000000000000000000000000000000000000000000000000"]],"processed_inputs":null,"processed_params":null,"processed_outputs":null,"max_lookup_inputs":1105,"min_lookup_inputs":-806,"max_range_size":2048}